Judul Artikel,Link Sumber,Caption Generated,Tanggal Generate,Link Gambar
"BRI x REI Expo Semarang 2026 hadirkan promo KPR bunga mulai 1,75% untuk wujudkan properti impian - ANTARA News Bali",https://news.google.com/rss/articles/CBMi2AFBVV95cUxPTVFacHZtX1puNGxXU2h6UlBYY2xrRHNNWWdWVGdBV3BuZWRNVmRVbnBOMUQyMkRaSmxEWl9DREdkbTlTTzQzUEdWVGxuMUw5al9DUUFSOFVLLVAtMHRRVl94Xy1iNENySUZtWk82T0djeUZONnkwVEVnVEhyWVM5Q1ZrdFRONkpmaXg1RWNoTmxUZFdTSnlfZHFDVUVwX0tsM2FnZWw4ZE9hMDM0QnFYRjFBSFdSRGV0dGhpTzdBQzRkYloxTjlxWDZWRkxtZklQLV9uR1o0RDQ?oc=5,"### 1. Visual Concept Brief (Carousel Slide)

*   **Slide 1 (Cover):** 
    *   **Visual:** Ilustrasi atau foto estetik tipikal pasangan muda urban (Gen Z/Millennial) sedang tersenyum melihat kunci rumah baru. Ada aksen grafis modern khas Rumah123.
    *   **Text On Screen (Headline):** ""Suku bunga KPR cuma 1.75%?! 😱 Sekte mana lagi nih? Sini kumpul!""
*   **Slide 2:**
    *   **Visual:** Mockup berita/koran digital dengan headline ""BRI x REI Expo Semarang 2026"".
    *   **Text On Screen:** ""Beneran, *no clickbait*! BRI x REI Expo Semarang 2026 lagi bagi-bagi promo KPR paling gak masuk akal tahun ini.""
*   **Slide 3:**
    *   **Visual:** Infografis sederhana yang membandingkan bunga KPR normal vs bunga promo 1.75%.
    *   **Text On Screen:** ""Bunga mulai 1,75% itu setara apa? Setara harga kopi harian kamu yang dialihin buat cicilan rumah impian! ☕🏠""
*   **Slide 4:**
    *   **Visual:** Langkah mudah/tips memanfaatkan promo ini.
    *   **Text On Screen:** ""Gak usah pusing mikirin syaratnya. Langkah pertamanya cuma satu...""
*   **Slide 5 (Closing/CTA):**
    *   **Visual:** Mockup layar handphone yang sedang membuka fitur Simulasi KPR di aplikasi Rumah123.
    *   **Text On Screen:** ""Hitung dulu cicilanmu di Fitur Simulasi KPR Rumah123. Link di bio!""

---

### 2. Caption Utama

Niatnya mau nabung buat nikah, eh malah bisa langsung beli rumah. Suku bunga KPR 1,75% ini riil kah atau cuma fiktif belaka? 🤔✨

Buat kamu kaum mendang-mending yang umurnya 23-32 tahun dan lagi pusing mikirin *gimana caranya punya rumah pertama*, info dari BRI x REI Expo Semarang 2026 ini wajib banget masuk radar kamu! 

Ini dia bocoran kenapa promo ini gak boleh kamu lewatin gitu aja:

🎈 **Bunga KPR Mulai 1,75%** – Jauh lebih rendah dari bunga paylater atau kartu kredit kamu, kan? Cicilan bulanan jadi super ringan dan gak bikin dompet menjerit.
🤝 **Kolaborasi BRI x REI** – Pilihan developer dan proyek propertinya udah pasti aman, terpercaya, dan bebas dari *developer* bodong. 
📍 **Gak Cuma buat Warga Semarang** – Event-nya memang di Semarang, tapi ini momen pas buat kamu yang mau investasi properti atau cari hunian di area Jawa Tengah yang perkembangannya lagi pesat banget!

Daripada cuma fomo liat temen sebaya udah pada *housewarming*, mending langsung amankan unit impianmu sekarang. 

Yuk, hitung dulu estimasi cicilan bulanan kamu pakai **Fitur Simulasi KPR di Rumah123** biar keuanganmu tetap aman terkendali. Klik link di bio, ya!

Coba absen di kolom komentar, menurut kamu cicilan dengan bunga 1,75% ini mending buat beli rumah tapak atau apartemen nih? 👇

---

### 3. Hashtags

#Rumah123 #PastiBisaDapat #KPRBRI #REIExpoSemarang #KPRMurah #RumahPertama #GenerasiCariRumah #InfoProperti #KPRFriendly",2026-07-26T04:42:41.628Z,https://drive.google.com/file/d/1brHDnb_9uw-AdlAG3kiotZOmEnbKqd1I/view?usp=drivesdk